Latitude,Longitude,Library,SaleDetails
41.86804263995116,-84.03672118703273,"Adrian District Library","
<img src='./Book Sales in Michigan_files/null.gif' height='1' width='680'><br>
Sept<br><ul><li>Sat 11-7, Sun 11-5
</li><li>70% donated; <b>not 'picked over'</b>; <b>no buyer restrictions</b></li></ul>
"
41.8990465054482,-84.00002616526766,"Lenawee District Library","
<img src='./Book Sales in Michigan_files/null.gif' height='1' width='680'><br>
July 26 - 27; Aug 23 - 24; Sept 27 - 28; Oct 25 - 26; Nov 22 - 23; Dec 27 - 28<br><ul><li>Fri noon-5:30, Sat 9:30-5:30
</li><li>150-300 books; 100% donated; 60% hardcover; sorted; <b>not 'picked over'</b>; <b>no buyer restrictions</b>; .10 (magazines)-$1</li></ul>
"
44.89624555999438,-85.24572460451328,"Alden District Library","
July 6; Aug 31; Nov 23<br><ul><li>Sat 9-2
</li><li>1,800 books; 75% donated; 70% hardcover; sorted; <b>not 'picked over'</b>; <b>no buyer restrictions</b>; Donation</li></ul>
"
42.226337595054204,-83.23416967598409,"Allen Park Public Library","
Ongoing<br><ul><li>Library hours
</li></ul>
"
43.41384864027685,-84.6318349307559,"Alma Public Library","
Sept<br><ul><li>Mon, Fri noon-7, Tue-Thu 9:30-7, Sat 11-4
</li><li><b>not 'picked over'</b>; <b>no buyer restrictions</b></li></ul>
"
42.28541727612538,-83.7366741160161,"Ann Arbor District Library","
Bookstore<br><ul><li>Tue-Sun noon-6
</li><li>Paperbacks .50; hardcovers $2; children's $2; CDs $2, DVDs $3-$5</li></ul>
"
42.24095667516872,-83.79378068569048,"Annual Used Book Sale","
Sept 13 - 15<br><br>Watch this spot for more details on the next great sale!
"
44.009151936864335,-83.71110500518165,"Au Gres Community Library","
Ongoing<br><ul><li>Library hours
</li></ul>
"
42.69769068199289,-83.25705295417579,"Auburn Hills Public Library","
Nov 14 - 16<br><ul><li>Thu 10-7, Fri 10-4:30, Sat 10-4
</li><li>Preview: Wed 5-7, Friends, join at door
</li><li>7,000 books; 60% donated; 70% hardcover; <b>no buyer restrictions</b>; .50-$1; Sat bag day</li><li>Some books scanned</li><li>Credit cards accepted</li></ul><br><hr>
Bookstore<br><ul><li>Library hours
</li></ul>
"
43.939358488480934,-85.84283996625626,"Pathfinder Community Library","
Ongoing<br><ul><li>Library hours
</li><li>1,000 books; 75% donated; 45% hardcover; sorted; paperbacks .50; hardcovers $1; children's .25; A/V $1</li><li>Reduced prices last week of July. <br>Lake County Trout-a-rama last full weenend of July</li></ul>
"
42.305224691176235,-85.18782489067291,"at Riverwalk Centre Tower III","
July 19<br><ul><li>10-3
</li><li>10,000 books; 100% donated; 60% hardcover; sorted; <b>not 'picked over'</b>; <b>no buyer restrictions</b>; .50-$2.50</li></ul>
"
43.64349869330832,-83.89832296149986,"Friends of Bay County Libraries","
<img src='./Book Sales in Michigan_files/null.gif' height='1' width='680'><br>
Aug 1 - 3<br><ul><li>Thu 8-8, Fri 10-8, Sat 10-5
</li><li>30,000+ books; <b>no buyer restrictions</b>; .50-$2; Fri half price; Sat half price or $4/box or bag</li></ul>
"
42.1925503140364,-83.45600096470837,"Belleville Area District Library","
Nov 2<br><ul><li>Sat noon-3, Sun 1-4
</li><li>Preview: Sat 11-noon, Friends; join at door
</li><li>1.000+ books; 100% donated; 50% hardcover; sorted; <b>no buyer restrictions</b>; .50-$1; Sun: $4/bag</li><li>Some books removed to sell online</li><li>Credit cards accepted</li></ul><br><hr>
Ongoing<br><ul><li>Mon-Thu 9:30-9, Fri, Sat 9:30-6, Sun 1-5
</li></ul>
"
44.57915346730286,-86.12407169258091,"Benzonia Public Library","
Ongoing<br><ul><li>Mon-Fri 10-6, Sat 10-2
</li><li>1,000+ books; 95% donated; 90% hardcover; sorted; <b>not 'picked over'</b>; <b>no buyer restrictions</b>; paperbacks $1; hardcovers $2; jigsaw puzzles $2</li><li>Cash or check only</li></ul>
"
42.47513999827136,-83.14112817368543,"Berkley Public Library","
Oct<br><ul><li>Thu 4-8pm, Fri 10-6, Sat 10-3
</li><li>Preview: Thu 3-4, Friends only
</li><li>100% donated; sorted; .50-$1</li><li>No scanners</li><li>Volunteers may buy some books (total about 10-20)</li><li>Charities may come on Saturday at 3pm and take boxes of books for free.</li></ul>
"
42.52875889024752,-83.21285979446843,"<img src='./Book Sales in Michigan_files/doedit.gif' border='0' align='middle'>","
July<br><ul><li>Fri, Sat noon-7, Sun noon-3
</li><li>1,000+ books; 100% donated; 40% hardcover; sorted; <b>not 'picked over'</b>; <b>no buyer restrictions</b>; $1-$20+</li></ul>
"
41.929074422548005,-86.36134401295226,"Berrien Springs Community Library","
Ongoing<br>
"
43.664248921753384,-85.46521951145013,"Big Rapids Community Library","
Ongoing<br><ul><li>Fridays at the Farmers Market 8am-2pm
</li></ul>
"
42.55518037887803,-83.19183371987621,"Baldwin Public Library","
Nov<br><ul><li>Sat 9:30-4:30, Sun noon-4, Mon 10-2
</li><li>Preview: Fri 7-9pm, Friends; join at door
</li><li>'Thousands' of books; 90% donated; 70% hardcover; sorted; <b>not 'picked over'</b>; <b>no buyer restrictions</b>; plus DVDs, CDs, audio books; paperbacks $1; hardcovers $2; children's half price; specials $4; Sun half price, Mon buy bag for $5 and fill</li></ul>
"
42.616521280152725,-83.26632458567346,"Bloomfield Township Public Library","
July 13; Aug 10; Sept 14; Oct 12; Nov 9; Dec 14<br><ul><li>Sat 11-3
</li><li>Preview: Sat 10-11, Friends; join at door
</li><li>10,000 books; 90% donated; 75% hardcover; sorted; <b>not 'picked over'</b>; <b>no buyer restrictions</b>; .50-$5</li><li>Credit cards accepted ($15 min)</li></ul><br><hr>
Bookstore<br><ul><li>Library hours
</li><li>1,500 books; 100% donated; Books, DVDs, CDs; .50-$5</li><li>Not picked over; no restrictions. New selections added almost every day</li></ul>
"
41.92910006867695,-86.54063511737344,"Bridgman Public Library","
July 12 - 13<br><ul><li>Fri 10-4, Sat 10-2
</li><li>Preview: Thu 6-8pm, Friends only - you may NOT join at the door
</li><li>3,200 books; 100% donated; 70% hardcover; sorted; <b>no buyer restrictions</b>; .25-$1; Sat $5/bag</li><li>Valuable books sold online</li><li>Credit cards accepted ($10 min), otherwise cash only</li></ul>
"
42.55109930201647,-83.79860708814046,"Brighton District Library","
<img src='./Book Sales in Michigan_files/null.gif' height='1' width='680'><br>
Oct<br><ul><li>Wed, Thu 10-7, Fri, Sat 10-5, Sun 1-3
</li><li>Preview: Tue 4-7pm, Friends; join at door. No scanners at preview
</li><li>20,000+ books; 100% donated; 80% hardcover; sorted; <b>not 'picked over'</b>; <b>no buyer restrictions</b>; .50-$1; Sat $5/bag, Sun free</li><li>Credit cards accepted</li></ul><br><hr>
Ongoing<br><ul><li>Library hours
</li><li>3,000 books; <b>no buyer restrictions</b>; paperbacks .50; hardcovers $1</li><li>Books change daily</li></ul>
"
43.26912207817048,-83.86276504316521,"Taymouth Twp Library","
Aug<br><ul><li>Mon, Thu 2-9, Tue 10-6, Fri 9-4
</li><li>5,000 books; 50% donated; 75% hardcover; sorted; <b>not 'picked over'</b>; <b>no buyer restrictions</b>; .25-$1</li></ul>
"
42.783474333655896,-85.72304822285923,"Byron Twp Branch Library","
July 25 - 27<br><ul><li>Thu noon-8, Fri, Sat 9:30-5
</li><li>3,000+ books; 70% donated; 40% hardcover; sorted; <b>no buyer restrictions</b>; $1-$2</li><li>Credit cards accepted</li><li>Friends volunteers may shop in advance</li></ul>
"
44.29044477499345,-85.41416432229524,"Cadillac Wexford Public Library","
July 18 - 20; Oct 17 - 19<br><ul><li>Thu 9-6, Fri 9-5, Sat 11-1
</li><li>2,000+ books; 60% donated; 50% hardcover; sorted; <b>no buyer restrictions</b>; $1-$2</li><li>Volunteers can purchase books during setup</li><li>Credit cards accepted</li></ul>
"
32.61456218485449,-90.01756602152061,"Canton Public Library","
Bookstore<br><ul><li>Mon, Wed, Sat 10-4, Tue 2-4 (also Tue noon-2, premium members only)
</li><li>5,000 books; 100% donated; 50% hardcover; sorted; .50-$3; last full week of month: $6/bag (a few exceptions)</li><li>Some books are sold online</li></ul>
"
42.06818372990681,-83.42648337062055,"Carleton Branch Library","
Ongoing<br><ul><li>Library hours
</li><li>2,000 books; 100% donated; 45% hardcover; sorted; <b>not 'picked over'</b>; <b>no buyer restrictions</b>; Donation</li></ul>
"
43.50587979954471,-83.42761969335226,"Caro Area District Library","
Nov<br><ul><li>Fri 9-5, Sat 9-3
</li><li>3,000 books; 25% donated; 75% hardcover; <b>not 'picked over'</b>; <b>no buyer restrictions</b>; $5/bag</li></ul>
"
43.55377983472216,-83.195470276127,"Rawson Memorial Library","
Aug 1 - 3<br><ul><li>Thu 9-5, Fri 9-7:30, Sat 9-3
</li><li>3,500 books; sorted; <b>not 'picked over'</b>; <b>no buyer restrictions</b>; .50 - $1; Sat bag/box sale</li><li>Credit cards accepted</li></ul>
"
41.88994958676222,-86.04942265168009,"Cass District Library","
July 31 - Aug 2<br><ul><li>Wed-Fri 9-5
</li><li>4,000 books; 10% donated; 90% hardcover; sorted; <b>not 'picked over'</b>; <b>no buyer restrictions</b>; All books 25 cents; Fri $1/bag (bags supplied)</li><li>Prefer CASH ; check from local patrons only</li></ul>
"
43.452016447732525,-84.97510681340137,"Heartland Center - Cedar Reader","
Bookstore<br><ul><li>Mon 10-6, Tue-Fri 10-4
</li><li>15,000+ books; 50% donated; 50% hardcover; sorted</li><li>Not picked over. No restrictions. Credit cards accepted</li></ul>
"
42.50478833551097,-83.01323079807166,"Center Line Library","
<img src='./Book Sales in Michigan_files/null.gif' height='1' width='680'><br>
Bookstore<br><ul><li>Library hours
</li><li>1,000 books; 80% donated; 90% hardcover; sorted; Donation (honor system)</li><li>Not picked over; no restriction.</li></ul>
"
45.365720693700275,-85.21283821242145,"Charlevoix Public Library","
Ongoing<br><ul><li>Mon-Thu 10-8, Fri, Sat 10-5, Sun 1-5
</li><li>'Thousands' of books; 100% donated; 75% hardcover; sorted; $1-$3</li></ul>
"
42.588554422619815,-84.85713582757111,"Charlotte Community Library","
Oct<br><ul><li>Thu, Fri 9-7, Sat 10-2
</li><li>Thousands of books; 100% donated; 65% hardcover; sorted; <b>not 'picked over'</b>; <b>no buyer restrictions</b>; also media; .25-$2</li></ul>
"
42.27858769543275,-84.05184427016265,"Chelsea District Library","
July 13; Aug 10; Sept 14; Oct 12; Nov 9; Dec 14<br><ul><li>Sat 10-1
</li><li>.25-$1 also $5/grocery-sized bag (bag sale includes books, music and books on CD in the bag)</li><li>Some books removed for online sales</li><li>Credit cards accepted</li></ul><br><hr>
Ongoing<br><ul><li>Library hours
</li><li>Priced as marked</li><li>Some books removed for online sales</li></ul>
"
42.75068664618852,-83.46633292307358,"Clarkston Independence District Library","
Sept 25 - 28<br><ul><li>Wed, Thu 10-8:30,  Fri, 10-5:30, Sat 10-2
</li><li>Preview: Tue 3-7pm, Friends; join at door
</li><li>10,000 books; 90% donated; 40% hardcover; sorted; <b>not 'picked over'</b>; <b>no buyer restrictions</b>; $1-$2; Sat $5/bag</li><li>Credit cards accepted</li></ul><br><hr>
Ongoing<br><ul><li>Selling books online for curbside pickup: https://www.cidlibrary.org/readingmarket<br>Books for sale in library as well whenever library is open. https://www.cidlibrary.org/</li></ul>
"
42.52667821999264,-83.17255897144285,"Blair Memorial Library","
Ongoing<br><ul><li>Mon, Wed: noon-8, Tue, Thu 10-6, Sat 9-5 (closed Wed, Sun)
</li></ul>
"
42.101698323397,-83.99037926063038,"Clinton Twp Public Library","
July 6; Aug 3; Nov 2; Dec 7<br><ul><li>Sat 10-2
</li><li>10,000 books; 90% donated; 60% hardcover; sorted; <b>not 'picked over'</b>; <b>no buyer restrictions</b>; .25-$1</li></ul><br><hr>
Sept<br><ul><li>Thu-Sat 11-5
</li><li>10,000 books; 90% donated; 60% hardcover; sorted; <b>not 'picked over'</b>; <b>no buyer restrictions</b>; .25-$1</li></ul>
"
42.6018325375534,-82.92819717351259,"Clinton-Macomb Public Library","
Oct<br><br>Watch this spot for details on the next HUGE sale!<br><hr>
Ongoing<br><ul><li>Open during normal library hours
</li><li>2,000+ books; 100% donated; 50% hardcover; sorted; paperbacks .50; hardcovers $1; A/V $1, puzzles and games as marked. All puzzles and games have been verified</li><li>Pay at donation box outside the ongoing sale room</li><li>Cash and checks only</li><li>Some books removed to sell online</li></ul>
"
43.18055950894818,-83.77285669994407,"Clio Area Library","
Oct 5<br><ul><li>Sat 9-4
</li><li>1,000+ books; 100% donated; 50% hardcover; sorted; <b>not 'picked over'</b>; .25-$1</li><li>There may be a limit for book sellers</li></ul>
"
42.213422796569205,-86.30842519334229,"Coloma Public Library","
Aug 3; Oct<br><ul><li>Sat 9-2
</li><li>2,500 books; 70% donated; 60% hardcover; sorted; <b>not 'picked over'</b>; <b>no buyer restrictions</b>; most items .75 each or 3/$2</li></ul><br><hr>
Ongoing<br><ul><li>Library hours (in the lobby)
</li><li>Paperbacks .10; hardcovers .25</li><li>Bookstore overflow items. Selection varies weekly.</li></ul>
"
42.54268949156361,-83.51419079807938,"Commerce Library","
<img src='./Book Sales in Michigan_files/null.gif' height='1' width='680'><br>
Oct<br><ul><li>Wed, Thu 10-8, Fri, Sat 10-4:30, Sun 1-4
</li><li>15,000 books; 75% donated; 50% hardcover; sorted; <b>not 'picked over'</b>; <b>no buyer restrictions</b>; 50-$1</li></ul>
"
43.00849416322674,-85.70967237380991,"Byron Township Library","
July<br><ul><li>Sat 9-5, Mon-Sat during library hours
</li></ul>
"
43.004636259162346,-85.7057029110022,"Comstock Park Branch Library","
Ongoing<br><ul><li>Library hours
</li><li>50% donated; 40% hardcover; sorted; .25-.50</li></ul>
"
43.00810363048976,-84.0893002367443,"Corunna Library","
Bookstore<br><ul><li>Library hours
</li></ul>
"
43.31923288952271,-82.60451378583574,"William H. Aitkin Memorial Library","
Ongoing<br><ul><li>Library hours
</li></ul>
"
42.78355214578525,-83.5128134274265,"Springfield Twp. Library","
Sept 5 - 7<br><ul><li>Thu 10-8, Fri 10-6, Sat 10-noon
</li><li>Preview: Wed 5:30-7:30pm, Friends; join at door. No scanners at preview.
</li><li>5,500 books; 75% donated; 50% hardcover; sorted; .50-$1; Sat bag sale</li><li>Some selections have been listed on line and may have been previewed by a book dealer.</li></ul><br><hr>
Ongoing<br><ul><li>Library hours
</li></ul>
"
42.33134225974554,-83.16769317948433,"Dearborn Public Library","
July 10; Aug 14; Sept 11; Oct 9; Nov 13; Dec 11<br><ul><li>Wed 10-6
</li><li>3,000 books; 50% donated; 60% hardcover; sorted; <b>not 'picked over'</b>; <b>no buyer restrictions</b>; plus DVD, music CDS, vinyl, mags, books on CD; Most 90% off original retail price</li></ul>
"
42.325413325885926,-83.20821974353083,"at the Dearborn Ice Skating Center (DISC)","
Oct 4 - 6<br><ul>
	<li><span style='font-size:14px'><span style='color:#B22222'><big><strong>FALL BOOK &amp; MEDIA SALE</strong></big></span></span></li>
	<li><span style='font-size:14px'><strong>Thousands of books neatly displayed in 40 categories -&nbsp; and&nbsp;media!</strong></span></li>
	<li><span style='font-size:14px'><strong>Art, History, Military, Children, Cookbooks, Mystery, Collectibles, Reference, CD, DVD, and much more...</strong></span></li>
	<li><span style='font-size:14px'><strong>October 4, 5, 6, 2024</strong></span></li>
	<li><strong><span style='color:#B22222'>EARLY ENTRANCE</span>- $15&nbsp;fee </strong>
	<ul>
		<li><strong>Friday,&nbsp;9:00 a.m. - 11:00 a.m.</strong></li>
	</ul>
	</li>
	<li><span style='color:#B22222'><strong>FREE ENTRANCE</strong></span>
	<ul>
		<li><strong>Friday, 11:00 a.m. - 8:00 p.m.</strong></li>
		<li><strong>Saturday, 8:00 a.m. to 5:30&nbsp;p.m.&nbsp;</strong></li>
		<li><strong>Sunday, 8:00 a.m. to 3:00 p.m.&nbsp;</strong>
		<ul>
			<li><strong>Sunday Bag Sale </strong></li>
		</ul>
		</li>
	</ul>
	</li>
	<li><strong><span style='color:#B22222'>Great Prices</span></strong>:
	<ul>
		<li>$1.00 &amp; $2.00</li>
		<li>Come back for Bag Sale day, Sunday!&nbsp;<strong>$8/bag 2 bags for $15</strong></li>
	</ul>
	</li>
	<li><span style='color:#B22222'><strong>Accepting cash, checks, credit/debit cards</strong></span></li>
	<li><strong>Elevator and curb transport assistance available!</strong></li>
	<li><strong>Contact us at :&nbsp;<a href='mailto:Booksale.AAUW.dbn@gmail.com'>Booksale.AAUW.dbn@gmail.com</a><span style='color:#0000FF'>&nbsp;</span></strong></li>
	<li><strong>'Like' us on FaceBook</strong><strong>&nbsp;</strong><a href='http://www.facebook.com/AAUW.Dearborn.books'><span style='color:#0000CD'>www.facebook.com/AAUW.Dearborn.books</span></a></li>
	<li><strong><span style='color:#B22222'><em>PROFITS FROM THE BOOK SALE FUND&nbsp;EDUCATIONAL OUTREACH, AND LEADERSHIP PROGRAMS</em></span></strong></li>
</ul>
"
42.34538966010059,-83.29530859860714,"Caroline Kennedy Library","
Oct<br><ul><li>Thu 10-8, Fri, Sat 10-4
</li><li>2,000 books; 75% donated; sorted; <b>not 'picked over'</b>; <b>no buyer restrictions</b>; .25 &amp; up; Sat $3/plastic bag, $5/paper bags provided</li></ul>
"
42.297716573519494,-83.05282202740777,"Festival of Books!","
July 21<br><ul>
	<li><strong><span style='color:#FF0000'><span style='font-size:18px'>7</span></span></strong><sup><span style='color:#FF0000'><span style='font-size:18px'>th</span></span></sup><strong><span style='color:#FF0000'><span style='font-size:18px'>&nbsp;Detroit Festival of Books!</span>&nbsp;</span></strong><span style='font-size:16px'>(aka: <strong>Detroit Bookfest</strong>)</span></li>
	<li><span style='font-size:16px'><strong>Sunday, July 21, 2024</strong></span>
	<ul>
		<li><span style='font-size:16px'><strong>10am - 4pm </strong></span></li>
	</ul>
	</li>
	<li><span style='font-size:18px'><strong>FREE entry! </strong></span></li>
	<li>Festival takes&nbsp;place at Eastern Market&nbsp;<strong>Shed 5 </strong>
	<ul>
		<li>(Shed 5 is wheelchair-accessible)</li>
	</ul>
	</li>
	<li><span style='color:#FF0000'><span style='font-size:14px'><strong>Featuring more than 100 vendors from all over the USA &amp; Canada, selling BOOKS</strong>:</span></span>
	<ul>
		<li><strong>Used</strong></li>
		<li><strong>Rare</strong></li>
		<li><strong>Antiquarian</strong></li>
		<li><strong>Unusual</strong></li>
		<li><strong>Ephemera</strong></li>
		<li><strong>Authors - and more</strong></li>
	</ul>
	</li>
	<li>ALSO Tons of
	<ul>
		<li><strong>Vinyl records</strong></li>
		<li><strong>Comic books</strong></li>
		<li><strong>Creative arts</strong></li>
		<li><strong>Vintage board games -&nbsp; and more!</strong></li>
	</ul>
	</li>
	<li><strong>Enjoy FOOD, BEER,&nbsp; </strong>and <strong>DJ <em>Seven Whales</em> bringing the</strong> <strong>FUNK MUSIC! </strong></li>
	<li><strong><span style='color:#FF0000'><span style='font-size:14px'>KID-FRIENDLY EVENT!</span> </span>Children in attendance may construct their very own book with the assistance of volunteers from 'Arts &amp; Scraps',&nbsp;a Detroit-based nonprofit that helps children repurpose discarded materials into educational and creative projects.</strong></li>
	<li><strong>We are pleased to announce the participation of <a href='https://detroitbookfest.us3.list-manage.com/track/click?u=095977e3492c8e9a718c9e41d&amp;id=1bf78a65d3&amp;e=4cfe0a2cd8' target='_blank'>Birdie�s Bookmobile</a> at at this year�s festival. Birdie�s Bookmobile is dedicated to eliminating book deserts and making books more accessible to children in Detroit. Birdie�s Bookmobile helps families build print-rich home environments, improve literacy outcomes, and grow lifelong readers. In addition to accepting donations of children�s and young-adult books, the bookmobile will be offering several fun activities for children attending this year�s Bookfest, including:</strong>
	<ul>
		<li><span style='color:#FF0000'><strong>Create Your Own Comic Strip</strong></span></li>
		<li><span style='color:#FF0000'><strong>Have Fun with Mad Libs</strong></span></li>
		<li><span style='color:#FF0000'><strong>�Once Upon a Time�</strong></span> � <span style='color:#FF0000'><strong>children take turns adding one sentence to a story. The story will be available to read on the Bookmobile website after Bookfest.</strong></span></li>
	</ul>
	</li>
	<li><strong>There is no admission fee at Bookfest, nor is there any charge for children to participate in any activities</strong>.
	<ul>
	</ul>

	<ul>
		<li>Book donations help build home libraries, promote shared reading experiences, and impact generations. Every book counts! Book needs for children from birth to age 18 include:
		<ul>
			<li>board books � picture books � early readers</li>
			<li>chapter books � graphic novels</li>
			<li>middle-grade books</li>
			<li>young-adult books</li>
		</ul>
		</li>
	</ul>
	</li>
	<li><strong>Questions? <a href='mailto:books@detroitbookfest.com'>books@detroitbookfest.com</a></strong></li>
	<li><strong><a href='https://detroitbookfest.com/' target='_blank'>Bookfest Home Page</a></strong></li>
	<li><strong><a href='https://www.facebook.com/events/334916972863270/?active_tab=discussion' target='_blank'>Facebook Event Page</a></strong></li>
	<li><strong><a href='https://detroitbookfest.com/event-details-facts/' target='_blank'>CLICK HERE</a> for all the event details!</strong></li>
	<li>Want to see the size of Shed 5? <strong><a href='https://my.matterport.com/show/?m=NuvpiB1yM6b' target='_blank'>Click here for a virtual tour</a></strong></li>
	<li><span style='color:#FF0000'><strong>Come enjoy this&nbsp;glorious day of BOOKS, vinyl records, comics, creative arts, food, beer, funk music and more! What's not to love?!</strong></span></li>
	<li>Check the <a href='https://detroitbookfest.com/6th-annul-detroit-bookfest-photos-2023/?fbclid=IwAR1g5QPsbGboC1cP_5PguCcvb1XmvfO9z-oRJxNFh7zsH2n5vEubcdFcWVs' target='_blank'>Bookfest photos from last year</a>!</li>
</ul>
"
42.29861973856768,-83.91731568163638,"Dexter District Library","
<img src='./Book Sales in Michigan_files/null.gif' height='1' width='680'><br>
Aug 9 - 11<br><ul><li>Fri noon-6, Sat 9-3 and 3:30-4:30
</li></ul><br><hr>
Oct 5; Nov 2; Dec 7<br><ul><li>Sat 9-3
</li><li>2,000 books; 95% donated; 50% hardcover; sorted; <b>not 'picked over'</b>; <b>no buyer restrictions</b>; .25-$1</li></ul>
"
42.59948387660377,-86.23056510112532,"Saugatuck-Douglas Dist. Library","
Bookstore<br><ul><li>June 1-Labor Day: Wed, Fri, Sat 10-3. Rest of year Sat 10-2. Closed holidays
</li><li>3,500+ books; 100% donated; 75% hardcover; sorted; $.50-$5</li></ul>
"
41.98495021299503,-86.07040720637494,"Dowagiac District Library","
July 19 - 22<br><ul><li>Library hours (closed Sun)
</li><li>3,000 books; 100% donated; 50% hardcover; sorted; <b>not 'picked over'</b>; <b>no buyer restrictions</b>; .50-$1</li></ul>
"
41.943636926396294,-83.68346487274586,"Dundee Branch Library","
Ongoing<br><ul><li>Library hours
</li><li>100 books; 50% donated; y% hardcover; <b>not 'picked over'</b>; <b>no buyer restrictions</b>; .50-$1</li></ul>
"
42.92656343091097,-85.59306436009561,"Friends of the Library of East Grand Rapids","
Nov<br><br>Watch this spot for the next great sale!<br><hr>
Bookstore<br><ul><li>Mon-Thu 9:30-8, Fri 9:30-6, Sat 9:30-5, Sun 1-5 (Closed Memorial Day to Labor Day)
</li><li>Visit our Ebay store for collectable and antiquarian books:<br>https://www.ebay.com/str/friendsofthelibraryofegr</li><li>Like the Friends of the EGR Library on Facebook.</li></ul>
"
45.14139912258938,-85.14680960848476,"Jordan Valley District Library","
Ongoing<br>
"
42.73158729423226,-84.4735070297373,"Friends of the East Lansing Public Library","
Bookstore<br><ul><li>Library hours
</li><li>6,000+ books; 95% donated; 70% hardcover; sorted; books, CDs, DVDs, sheet music, books on CD; collectible books; Most .50-$2, 'better books' at 1/2 or less than lowest online listings</li><li>Some books removed for Internet sale</li><li>credit cards accepted</li><li>Do not have to have library card to purchase</li></ul>
"
42.78113351896505,-84.45328155339806,"Michigan State University Surplus Store","
Ongoing<br><ul><li>Mon, Wed, Thu 12-3:30, Tue 7:30-5:30, Fri 7:30-3:30
</li><li>6,000 books; 50% hardcover; sorted; <b>no buyer restrictions</b>; $1</li><li>Some books removed for internet sale</li><li>Bulk Book Sale - the first full calendar week of the month: Mon-Wed .50 each, Thu, Fri .10 each</li></ul>
"
42.4355167855137,-82.97156726039705,"Eastpointe Library","
Nov 15 - 16<br><ul><li>Fri 1:30-4:30, Sat 10-1:30
</li><li>Preview: Thu 5-7, Friends, join at door, $10
</li><li>2,500 books; 70% hardcover; sorted; <b>not 'picked over'</b>; <b>no buyer restrictions</b>; .25-$1</li><li>Credit cards accepted</li></ul>
"
42.51769406826234,-82.97668400828522,"<img src='./Book Sales in Michigan_files/sendemail.gif' border='0' align='middle'>","
Ongoing<br><ul><li>Every Saturday 10-3
</li><li>1,000 books; 100% donated; 50% hardcover; sorted; <b>not 'picked over'</b>; <b>no buyer restrictions</b>; .50-$1</li><li>Credit cards accepted</li></ul>
"
45.712686729380195,-87.0389360476148,"Escanaba Public Library","
<img src='./Book Sales in Michigan_files/null.gif' height='1' width='680'><br>
Ongoing<br>
"
42.46126861418126,-83.38397185486416,"Farmington Community Library","
Oct<br><br>Watch this spot for the next great sale!<br><hr>
Ongoing<br><ul><li>Library hours
</li></ul>
"
42.502796777497764,-83.33965012471944,"Farmington Branch Library","
Ongoing<br><ul><li>Library hours
</li></ul>
"
43.83907361833037,-84.8613297938822,"Surrey Township Public Library","
July 27 - 28<br><ul><li>Sat, Sun 9-5
</li><li>'Tons' of books; 75% donated; 50% hardcover; <b>no buyer restrictions</b>; partly sorted; Donation</li><li>Re-sellers must check-in with staff.</li></ul><br><hr>
Ongoing<br><ul><li>Library hours
</li></ul>
"
42.502275373044995,-83.14381327717882,"Friends Book Store","
Bookstore<br><ul><li>Mon-Thu 10-7:45, Sat noon-4:45
</li><li>1,000 books; 100% donated; 60% hardcover; sorted; .50-$1</li><li>Some books removed; no restrictions.</li></ul>
"
43.00271968921524,-83.66330082718056,"Flint Public Library","
July 20<br><ul><li>Sat 10-5
</li><li>Thousands of books; 70% donated; 50% hardcover; sorted; <b>not 'picked over'</b>; <b>no buyer restrictions</b>; .50-$1; 4pm: half-price</li></ul><br><hr>
Oct<br><ul><li>Thu 2-7, Fri noon-5, Sat 10-5
</li><li>Preview: Thu 11:30-2, Friends; join at door
</li><li>Thousands of books; 70% donated; 50% hardcover; sorted; <b>not 'picked over'</b>; <b>no buyer restrictions</b>; Most $1 or less, some at 1/2 assessed value;  Sat $5/bag</li></ul>
"
43.34642551444294,-83.7174541049246,"James E. Wickson Memorial Library","
Ongoing<br>
"
42.520074504193886,-82.95722286153918,"Fraser Public Library","
Sept<br><ul><li>Wed 10-5, Thu 1-8
</li><li>6,000 books; 90% donated; 50% hardcover; sorted; <b>not 'picked over'</b>; <b>no buyer restrictions</b>; .50-$2</li></ul>
"
43.5004316735676,-85.98496515235662,"Fremont Area District Library","
July 18 - 19<br><ul><li>Thu 9-4, Fri 9-3
</li><li>Preview: Wed 6-8pm, Friends; join at door $10 ind., $15 fam.
</li><li>2,000 books; 80% donated; 50% hardcover; sorted; <b>not 'picked over'</b>; <b>no buyer restrictions</b>; .25-$1</li></ul>
"
42.352536905616596,-83.35871902150646,"Garden City Public Library","
Ongoing<br><ul><li>Library hours
</li><li>300-500 books</li></ul>
"
45.01269059627761,-84.65345390340663,"Otsego County Library","
<img src='./Book Sales in Michigan_files/null.gif' height='1' width='680'><br>
Aug 8 - 13<br><ul><li>Sun 1-5; Mon, Tue 9-7; Thu, Fri 9-5; Sat 9-1
</li><li>4,500 books; 100% donated; 50% hardcover; sorted; <b>not 'picked over'</b>; <b>no buyer restrictions</b>; .50-$1; Mon $5/bag, Tue $1/bag</li></ul><br><hr>
Ongoing<br><ul><li>Library hours
</li></ul>
"
45.063395356359024,-84.65837969164528,"<img src='./Book Sales in Michigan_files/sendemail.gif' border='0' align='middle'>","
Oct<br><ul><li>Fri 9-6, Sat 9-noon
</li><li>5,000 books; 100% donated; 40% hardcover; sorted; <b>not 'picked over'</b>; <b>no buyer restrictions</b>; .25 - $7</li></ul>
"
43.98700518594775,-84.48687252821831,"Gladwin County District Library &amp;","
Sept 25 - 28<br><ul><li>Thu, Fri, Sat 9-4:30
</li><li>Preview: Wed noon-4:30, Friends or $10 admission fee
</li><li>97% donated; 45% hardcover; sorted; <b>not 'picked over'</b>; <b>no buyer restrictions</b>; Donation</li></ul><br><hr>
Bookstore<br><ul><li>Library hours
</li><li>Donation</li><li>Books also available for sale daily in 2 special areas of library</li></ul>
"
42.884505916991515,-83.53746272191395,"Goodrich Library","
Sept<br><ul><li>Fri 10-5, Sat 9-5
</li><li><b>not 'picked over'</b>; <b>no buyer restrictions</b>; Sat 2pm: Bag sale</li></ul>
"
43.28409785862034,-85.31946864045635,"Spencer Library","
Oct<br><ul><li>Sat 9-3, Sun 11-2
</li><li>2,000 books; 100% donated; 25% hardcover; sorted; <b>not 'picked over'</b>; <b>no buyer restrictions</b>; $1-$2; Sun $5/bag</li><li>Cash only</li></ul>
"
43.02348260742736,-86.25946945363047,"Loutit Library","
Bookstore<br><ul><li>Mon 7-8:30 p.m., Thu 3:30-5, Sat 11-2
</li></ul>
"
43.00204326155125,-85.62938185155694,"Cascade Library","
Bookstore<br><ul><li>Library hours
</li></ul>
"
42.98581096092961,-85.62994487067003,"Gaines Township Library","
Ongoing<br>
"
42.98106939045499,-85.63602266228743,"Plainfield Library","
Ongoing<br><ul><li>Mon, Wed, Fri 10-1, Tue, Thu 3-7pm
</li><li>15,000 books; 90% donated; 50% hardcover; sorted; <b>not 'picked over'</b>; <b>no buyer restrictions</b>; $8/bag (bags supplied</li><li>Credit cards accepted</li></ul>
"
42.93565016610436,-85.66593042757452,"Grand Rapids Public Library","
Oct<br><ul><li>Sat 9-4, Sun 1-4
</li><li>5,000 books; 50% donated; sorted; <b>not 'picked over'</b>; <b>no buyer restrictions</b>; .50, 3/$1</li><li>Credit cards accepted</li></ul><br><hr>
Bookstore<br><ul><li>Mon-Thu 9-9, Fri, Sat 9-6, Sun 1-5
</li><li>800 books; 20% donated; 80% hardcover; .50-$1</li><li>No restrictions. Credit cards accepted.</li></ul>
"
42.878057791826826,-85.72209726913522,"Grandville Public Library","
<img src='./Book Sales in Michigan_files/null.gif' height='1' width='680'><br>
Bookstore<br><ul><li>Mon-Thu 9:30-8, Fri 9:30-6, Sat 9:30-5
</li><li>2,000 books; 75% donated; 50% hardcover; sorted</li><li>Not picked over, no restrictions. Checks for amounts under $50. (bank located next door)</li><li>Monthly mini-book sales covering special topics; check <a href='http://friendsofthegrandvillelibrary.com/' target='_blank'>website/a&gt;</a></li></ul><a href='http://friendsofthegrandvillelibrary.com/' target='_blank'>
</a>"
43.19315404414014,-85.23404096336078,"Flat River Community Library","
Aug 16 - 17<br><ul><li>Fri, Sat 9-5
</li><li>4,000 books; 80% donated; 75% hardcover; sorted; <b>not 'picked over'</b>; <b>no buyer restrictions</b>; .25-$4</li><li>Credit cards accepted</li></ul><br><hr>
Bookstore<br><ul><li>Library hours
</li></ul>
"
42.41434825763538,-82.94236079265117,"<img src='./Book Sales in Michigan_files/doedit.gif' border='0' align='middle'>","
Sept<br><br>Watch this spot for details on the next great book sale!
"
42.40604683815139,-82.89755367605349,"Grosse Pointe Woods Branch Library","
Bookstore<br><ul><li>Tue, Wed 6-8pm, Thu 10-noon, Sat 10-4
</li><li>10,000 books; 100% donated; 50% hardcover; sorted; paperbacks .50-$1; hardcovers $1; videos $1, DVDs $2</li></ul>
"
44.35698290144854,-83.81169557151676,"Plainfield Library","
Aug<br><ul><li>Wed 9-6, Thu, Fri 9-4, Sat 9-1
</li><li>5,000 books; 100% donated; 50% hardcover; sorted; <b>not 'picked over'</b>; Donation</li><li>No scanners allowed</li></ul>
"
42.41532786784407,-83.79351013434102,"Hamburg Township Library","
Ongoing<br><ul><li>Library hours
</li><li><b>not 'picked over'</b>; <b>no buyer restrictions</b>; paperbacks .25; hardcovers $1; A/V $1</li></ul>
"
42.41498676558678,-82.93329820896088,"Harper Woods Public Library","
Sept<br><ul><li>Fri, Sat 1-4
</li><li>2,000+ books; 100% donated; 45% hardcover; <b>not 'picked over'</b>; <b>no buyer restrictions</b>; partly sorted; .25-$5</li></ul>
"
44.68440575154775,-83.33916385588263,"Alcona County Library","
Aug; Oct<br><ul><li>Thu, Fri 9:30-5, Sat 10-1
</li><li>1,500 books; 100% donated; 50% hardcover; sorted; <b>not 'picked over'</b>; <b>no buyer restrictions</b>; Donation</li></ul>
"
42.67210691584317,-83.77633484439019,"Cromaine Library","
Sept<br><ul><li>Thu-Sat 10-4, Sun noon-1
</li><li>10,000 books; 100% donated; 60% hardcover; <b>not 'picked over'</b>; <b>no buyer restrictions</b>; $1; Sat $5/brown bag. Sun is free day. (Bring lots of boxes &amp; bags)</li></ul><br><hr>
Ongoing<br><ul><li>Library hours
</li><li>$1</li></ul>
"
42.722670666630904,-84.41099406381124,"Haslett Library","
<img src='./Book Sales in Michigan_files/null.gif' height='1' width='680'><br>
Oct<br><ul><li>Sat 9-3
</li><li>Preview: Fri 5-7pm, Friends; join at door
</li><li>100% donated; sorted; .50-$1</li><li>Some books removed to sell online</li><li>Scanners prohibited</li></ul><br><hr>
Bookstore<br><ul><li>Mon-Wed, Fri noon-4, Thu noon-6, Sat noon-2
</li><li>5,000 books; 100% donated; 30% hardcover; sorted; paperbacks $1-$1.50; hardcovers $2; children's paperbacks .50, hardcover $1</li><li>A small number of books removed to sell online. No scanning devices allowed</li></ul>
"
42.479611392973595,-83.15178584851988,"Hazel Park District Library","
Sept<br><ul><li>Tue-Thu noon-8, Fri 10-6, Sat noon-4
</li><li>9,000 books; 90% donated; 80% hardcover; sorted; <b>not 'picked over'</b>; <b>no buyer restrictions</b>; .25-$2</li><li>Cash only</li></ul>
"
43.45570641663423,-84.2455352778218,"Rauchholz Memorial Library","
Sept<br><ul><li>Sat 9-2
</li><li>1,000 books; 20% donated; <b>not 'picked over'</b>; <b>no buyer restrictions</b>; .50-$2</li></ul>
"
44.18880829175671,-85.29798248980079,"Highland Township Public Library","
July 20; Aug 17; Sept 21; Nov 16; Dec 21<br><ul><li>Sat 10-2
</li><li>'Thousands' of books; 100% donated; 50% hardcover; sorted; <b>no buyer restrictions</b>; .50-$1.50</li><li>Some vintage/collectible books removed from sale, (available at the BIG book sales in spring and fall)</li></ul><br><hr>
Ongoing<br><ul><li>Library hours
</li><li>Book cart</li></ul>
"
44.166310817856875,-85.2871354907407,"Highland Township Public Library","
Oct<br><br>Watch this spot for the next great sale!
"
42.80458827603939,-86.09583200491906,"Herrick Disrict. Library","
Bookstore<br>
"
42.79622189480616,-83.59000637093155,"Holly Library","
Ongoing<br><ul><li>Mon-Thu 8:30-8, Fri 8:30-5, Sat 9:30-3
</li><li>1,000 books; 100% donated; 50% hardcover; sorted; <b>not 'picked over'</b>; <b>no buyer restrictions</b>; .25-$1; sets, encyclopedias more</li></ul>
"
42.6164700541459,-83.97713454544918,"Howell Carnegie District Library","
Oct 5; Oct 19; Nov 2; Nov 16; Dec 7; Dec 21<br><ul><li>Sat 9:30-3:30
</li><li>3,000 books; 100% donated; 50% hardcover; sorted; <b>no buyer restrictions</b>; .25-$1</li><li>A few books may have been removed to send to a book dealer</li></ul><br><hr>
Ongoing<br><ul><li>Library hours
</li><li>Limited number of paperbacks</li></ul>
"
42.848565306130745,-85.82685298679635,"Gary Byker Memorial Library","
Ongoing<br><ul><li>Library hours
</li></ul>
"
43.0393154851518,-83.08943164024751,"Ruth Hughes Memorial District Library","
Nov<br><ul><li>Fri, 10-5, Sat 10-3
</li><li>2,500 books; 75% donated; 60% hardcover; <b>not 'picked over'</b>; <b>no buyer restrictions</b>; some sorting; Donation - no set price.  (small book cart upstairs is priced)</li><li>Basement is handicapped accessible.</li></ul>
"
45.43871758561374,-84.57307338938013,"Indian River Area Library","
<img src='./Book Sales in Michigan_files/null.gif' height='1' width='680'><br>
Ongoing<br><ul><li>Every Tuesday, 10-3; every Friday 3-5:30
</li><li>Donation</li></ul>
"
42.310440132426116,-83.26999736158297,"Inkster Public Library","
Ongoing<br><ul><li>Library hours
</li></ul>
"
44.64433206582073,-85.81444804975963,"Interlochen Public Library","
Ongoing<br><ul><li>Library hours
</li><li>1000+ books</li></ul>
"
42.9038482159476,-85.75864561502905,"Georgetown Township Public Library","
July<br><ul><li>Thu 3-8:45, Fri 9-4:45, Sat 9-noon
</li><li>50% donated; 75% hardcover; sorted; <b>not 'picked over'</b>; plus DVDs, CDs, software; paperbacks .50; hardcovers $1; children's .50; mags, Harlequins, R.D. condensed .10; puzzles, misc. $1</li></ul><br><hr>
Oct<br><ul><li>Fri 9-5:30, Sat 9
</li><li>50% donated; 75% hardcover; sorted; <b>not 'picked over'</b>; plus videos, software, puzzles; children's .50; Sat prices reduced</li></ul><br><hr>
Ongoing<br><ul><li>Library hours
</li></ul>
"
42.27289841970654,-85.57448737729827,"Friends of the Kalamazoo Public Library","
Sept 14; Jan 24,  2025<br><ul><li>Sat 10-3:30
</li><li>$3/grocery size bag</li></ul><br><hr>
Bookstore<br><ul><li>Wed noon-6, Thu-Sat 10-4
</li><li>Thousands of books; Most .50-$3</li></ul>
"
42.82733806379398,-85.66667957330152,"Kentwood Branch Library","
Oct<br><ul><li>Sat 9:30-3:30
</li><li>1,000 books; 30% donated; 80% hardcover; <b>not 'picked over'</b>; <b>no buyer restrictions</b>; .50-$1</li></ul>
"
42.79866391840784,-83.18993844370534,"Orion Township Library","
Sept 23 - 27<br><ul><li>Tue 4:30-10, Wed, Thu 10-8:30, Fri 10-4:30, Sat 9:30-1:30
</li><li>Preview: Mon 5:30-8:30, Teachers with ID only; Tue 10-4:30 Friends (join at door)
</li><li>Thousands of books; sorted; <b>no buyer restrictions</b>; $1-$2; Fri half price, Sat $5/bag provided</li><li>Some books removed to sell in bookstore</li><li>Credit cards accepted</li></ul><br><hr>
Bookstore<br><ul><li>Library hours
</li></ul>
"
42.75907858840899,-84.52871399009149,"Lansing Library and Information Center","
Bookstore<br><ul><li>Thu 11-2 &amp; 4-7, Fri 11-2, Sat 11-4
</li><li>35,000 books; 50% donated; 50% hardcover; sorted; .50-$5</li></ul>
"
42.696022649926455,-84.54779627049483,"Friends of Delta Township District Library","
Aug 16 - 17<br><ul><li>Fri 10:30-5:30, Sat 10:30-1
</li><li>Preview: Thu 4-7:30, Friends; join at door
</li><li>5,000 books; 100% donated; 50% hardcover; sorted; Less that $1.50</li><li>Some books sold online</li><li>Book Sellers, please supply your tax number.</li></ul><br><hr>
Bookstore<br><ul><li>Mon-Thu 10:30-7:30, Fri 10:30-5:30, Sat 10:30-3:30
</li><li>10,000+ books; sorted; .25 &amp; up</li><li>Books are not picked over</li></ul>
"
42.73562349818068,-84.58287912455293,"Causeway Bay Hotel and Conference Center","
Oct<br><br>Watch this space for tne next MI Book &amp; Paper Fair
"
42.69063617300416,-84.58209745856492,"Dewitt Library","
<img src='./Book Sales in Michigan_files/null.gif' height='1' width='680'><br>
Ongoing<br><ul><li>Library hours
</li><li>100% donated; 50% hardcover; sorted; books, videos, cassettes; .50 &amp; up</li></ul>
"
43.07002448558839,-83.3378809924577,"DeAngeli Library","
Ongoing<br><ul><li>Library hours
</li><li>.25-$3</li></ul>
"
42.22651997737843,-86.09818589408103,"Friends of Lawrence Library","
Sept 1 - 2<br><ul><li>Sat 10-4, Sun noon-5pm, Mon 10-3
</li><li>'Thousands' of books; 90% donated; 60% hardcover; sorted; <b>not 'picked over'</b>; plus CDs, DVDs, VHS, audio books, mags; .50-$1</li><li>Lawrence Labor day Ox-Roast and Homecoming</li></ul>
"
42.158970665323366,-85.88646860292273,"Lawton Public Library","
Ongoing<br>
"
42.4279615981193,-84.40464082177559,"Friends of Leslie Library","
Ongoing<br><ul><li>Library hours
</li><li>10 shelves of books; also media; paperbacks .50; hardcovers $1; children's .50</li></ul>
"
42.285536752238265,-83.20676128147652,"Lincoln Park Public Library","
Oct<br><ul><li>Sat noon-5; Mon-Thu noon-8
</li><li>Preview: Thu prior 5-8pm, Friends; join at door
</li><li>10,000 books; 75% donated; sorted; <b>not 'picked over'</b>; <b>no buyer restrictions</b>; .25-$1; final Sat $2/bag</li></ul>
"
42.35722851566294,-83.32863464593011,"Civic Center Library","
Oct 4 - 6; Feb 7 - 9,  2025<br><ul><li>Fri, Sat 9-5, Sun 1-5
</li><li>Preview: Thu 4:30-6:30 teachers &amp; members; join at door
</li><li><b>no buyer restrictions</b>; paperbacks .50; hardcovers $1; Sun $5/bag</li><li>Some books removed prior to the preview</li><li>Credit cards accepted, $10 minimum</li></ul><br><hr>
Bookstore<br><ul><li>Mon, Thu, Fri, Sat 10-3, Tue, Wed 11-7
</li></ul>
"
43.95267095405088,-86.48019242004361,"Mason Cty District Library - Ludington Branch","
July<br><ul><li>Fri 6-9pm, Sat 9-5, Sun 10-4
</li><li>20,000 books; 75% donated; 33% hardcover; sorted; .25-$5</li><li>Volunteers who work to set up the sale are allowed to choose books before the sale opens</li></ul>
"
46.58085847623513,-87.39983887478087,"Peter White Public Library","
Sept<br><ul><li>Fri 9:30-5, Sat 9:30-1:30, then 1:45-4
</li><li>Preview: Thu 5-8pm, $5 fee
</li><li>3,000 books; 100% donated; sorted; <b>no buyer restrictions</b>; .50-$3, Sat 9:30-1:30 half price; 1:45: $5/bag</li><li>Some books removed to sell online</li><li>Credit cards accepted</li></ul>
"
42.53400262739428,-84.46754338369749,"Mason Library","
Sept 21<br><ul><li>Sat 9-3
</li><li>5,000 books; 98% donated; 45% hardcover; sorted; <b>not 'picked over'</b>; <b>no buyer restrictions</b>; Donation</li><li>Checks for locals only, all others cash</li><li>Down Home Days, Farm Market, crafts, garage sales</li></ul><br><hr>
Bookstore<br><ul><li>During normal library hours
</li></ul>
"
42.2481602610166,-83.19855020657319,"Melvindale Public Library","
<img src='./Book Sales in Michigan_files/null.gif' height='1' width='680'><br>
Ongoing<br><ul><li>MonThu noon-8, Sat noon-5 (closed Fri, Sun)
</li><li><b>not 'picked over'</b>; <b>no buyer restrictions</b>; .25-$1</li></ul>
"
43.60450122169422,-84.20523100665574,"Grace Dow Memorial Library","
Oct<br><ul><li>Sat 10-4, Sun 1-4
</li><li>Preview: Fri 5:30-8:30, Friends; join at door
</li><li>35,000 books; 100% donated; 50% hardcover; sorted; <b>not 'picked over'</b>; <b>no buyer restrictions</b>; .50-$2; Sun $5/bag</li></ul><br><hr>
Ongoing<br><ul><li>Library hours
</li><li>5,000 books</li><li>Restocked weekly</li></ul>
"
43.589958984320724,-84.23376936884497,"<img src='./Book Sales in Michigan_files/sendemail.gif' border='0' align='middle'>","
Sept<br><br>Watch this spot for the next great sale!
"
42.1167236717909,-83.65316882507143,"Friends of Milan Public Library","
Ongoing<br><ul><li>Library hours
</li><li>.50-$1</li></ul>
"
43.2879346130263,-83.55925777897644,"Millington Arbela District Library","
Aug<br><ul><li>Thu 9-8, Fri 9-4, Sat 9-noon
</li><li>400 books; 100% donated; 50% hardcover; sorted; <b>not 'picked over'</b>; <b>no buyer restrictions</b>; .50- $1</li><li>Millington Old-Fashioned Days</li></ul>
"
41.938032002870564,-83.39767441169668,"Dorsch Memorial Branch Library","
Ongoing<br><ul><li>Mon-Sat 10-4
</li><li>100 books; 100% donated; 75% hardcover; sorted; <b>not 'picked over'</b>; <b>no buyer restrictions</b>; $1-$5</li></ul>
"
41.909632089561384,-83.42920109433373,"Frenchtown-Dixie Library","
Ongoing<br><ul><li>Library hours
</li><li>1,50+ books; 90% donated; 40% hardcover; sorted; <b>not 'picked over'</b>; 5 cents and up</li></ul>
"
43.14286527023625,-83.9319436726455,"<img src='./Book Sales in Michigan_files/sendemail.gif' border='0' align='middle'>","
Aug 16 - 17<br><ul><li>Fri, Sat 9-5
</li><li>6,500 books; 100% donated; sorted; <b>not 'picked over'</b>; <b>no buyer restrictions</b>; .50-$1</li><li>Blueberry Festival</li><li>NO SCANNERS ON FRIDAY</li></ul>
"
43.19020771991617,-83.88576721166439,"Jennings Memorial Library","
Aug<br><ul><li>Wed 10-6, Thu noon-8 (closed Fri) Sat 9-5
</li><li>1,000 books; 100% donated; 90% hardcover; <b>not 'picked over'</b>; <b>no buyer restrictions</b>; .50-$1</li></ul>
"
43.645367681438074,-84.76295063044952,"Veterans Memorial Library Annex","
Oct<br><ul><li>Thu 10-6:30, Fri 10-5, Sat 10-2
</li><li>Preview: Wed 10-5:30, Friends, join at door
</li><li>10,000 books; 80% donated; 60% hardcover; sorted; <b>no buyer restrictions</b>; .50-$2; Sat $3/bag</li><li>Some books (typically under 50) removed to sell online</li><li>Credit cards accepted</li></ul>
"
43.12766781767312,-83.68396481125211,"Mt. Morris Library","
<img src='./Book Sales in Michigan_files/null.gif' height='1' width='680'><br>
Ongoing<br><ul><li>Library hours: Mon 10-6, Tue, Wed noon-8, Fri, Sat 9-5 (closed Thu, Sun)
</li><li>Paperbacks .25; hardcovers .50; children's .25</li></ul>
"
43.23688925290503,-86.29813907705201,"Library for the Visually &amp; Physically Disabled of MADL","
Oct 23 - 26<br><ul><li>Wed 11-7; Thu, Fri 9-5; Sat 10-2
</li><li>2,000 books; 40% hardcover; sorted; <b>no buyer restrictions</b>; $1 or less</li><li>Some books removed for library use</li></ul>
"
46.49658575414743,-87.58830207148397,"Friends of Negaunee Public Library","
July 11<br><ul><li>Thu 9-3
</li><li>2,000 books; 50% donated; 35% hardcover; sorted; Donation</li></ul>
"
46.46430405602534,-87.63593475287765,"Negaunee Public Library","
July<br><ul><li>Thu 10-3
</li><li>Pioneer Days</li></ul>
"
41.99899512047722,-83.33473541105107,"Newport Branch Library","
Ongoing<br><ul><li>Mon-Fri noon-4
</li><li>100% donated; 75% hardcover; <b>not 'picked over'</b>; <b>no buyer restrictions</b></li><li>Donation</li></ul>
"
41.840049017516556,-86.28539881456224,"Niles District Library","
Ongoing<br><ul><li>Library hours
</li><li>Book cart next to Circulation Desk</li></ul>
"
43.2705991303897,-86.25540434748785,"Walker Memorial Library","
Aug 10<br><ul><li>Sat 9-3
</li><li>1,000 books; 100% donated; 50% hardcover; sorted; <b>not 'picked over'</b>; <b>no buyer restrictions</b>; $2</li><li>Credit cards accepted</li></ul>
"
42.42025031986986,-83.50880249525777,"Northville District Library","
Bookstore<br><ul><li>Mon, Wed 11-5 &amp; 6:30-8:30pm; Thu 11-5, Fri 11-4:45, Sat 11-2 (closed Tue, Sun). HIGHLY subject to change. The Book Cellar is volunteer staffed, and if no one is available to staff, the Book Cellar is closed.
</li><li>4,500 books; 100% donated; 50% hardcover; sorted; paperbacks .50; hardcovers $1</li><li>Resellers showing a Michigan Sales Tax License who spend at least $10 in Book Cellar will receive a 10% discount.</li></ul>
"
43.200648266743144,-86.2505953711988,"Norton Shores Library","
Oct 4 - 5<br><ul><li>Fri 9-5, Sat 9-2:30
</li><li>Preview: Thu 3-4, Friends, join at door, $10 ind., 62+ or student $5, fam. $25
</li><li>10,000 books; 100% donated; 75% hardcover; sorted; <b>not 'picked over'</b>; <b>no buyer restrictions</b>; plus CDs, DVDs; Donation</li><li>Credit cards accepted</li></ul>
"
42.49325726740514,-83.14935930304445,"Oak Park Library","
July 10 - 14; Aug; Sept; Oct; Nov; Dec<br><ul><li>Wed, Thu 10-8, Fri 10-5, Sun 1-5
</li><li>1,500 books; 70% donated; 70% hardcover; sorted; <b>not 'picked over'</b>; <b>no buyer restrictions</b>; .50-$1; Sun $3/bag</li><li>Credit cards accepted</li></ul>
"
42.72984738488611,-84.39925573249714,"Friends of Okemos Library","
<img src='./Book Sales in Michigan_files/null.gif' height='1' width='680'><br>
Sept 7 - 8; Dec 7 - 8<br><ul><li>Sat, Sun 9-5
</li><li>Preview: Sat 8:30-9, Friends; join at door, $10
</li><li>12,000 books; 100% donated; 50% hardcover; sorted; <b>not 'picked over'</b>; .50-$2</li><li>Use of scanning devices, cell phones, PDAs not permitted.</li></ul>
"
42.87957266128952,-83.45428755026789,"Brandon Twp Public Library","
Bookstore<br><ul><li>Mon-Thu 9-8, Fri 9-5, Sat 9-2
</li><li>3,000+ books; 90% donated; updated weekly; .25-$1</li><li>Some books removed for online sale; No buyer restrictions</li></ul>
"
44.42188702254262,-83.31411896761013,"R. J. Parks Library","
Ongoing<br>
"
42.77879439533954,-83.27067508035978,"Oxford Public Library","
Oct<br><ul><li>Thu 10-7, Fri 10-4, Sat 10-3
</li><li>Preview: Wed 4-7pm, Friends; join at door
</li><li>8,000 books; 75% donated; 50% hardcover; sorted; <b>no buyer restrictions</b>; .50-$1; Sat $5/bag</li><li>Some books are removed</li><li>Credit cards accepted</li></ul>
"
42.34562172926905,-85.55917816788599,"Parchment Community Library","
July 13; Nov 16<br><ul><li>Sat 9-1
</li><li>Preview: Sat 8-9, $2 admission
</li><li>Sorted; .50-$1</li></ul><br><hr>
Ongoing<br><ul><li>Library hours
</li></ul>
"
45.330237232634474,-84.94578767696642,"Petoskey Public Library","
July 26 - 27<br><ul><li>Fri, Sat 10-4
</li><li>2,000 books; 90% donated; 40% hardcover; sorted; paperbacks 5/$1; hardcovers $3; trade pb $2; children's .25-$3</li><li>Downtown Sidewalk Sale Days</li></ul>
"
43.8328801465333,-83.2314080086007,"Pigeon District Library","
Ongoing<br><ul><li>Library hours
</li><li>Paperback books only</li></ul>
"
42.417496064713305,-83.91771954086455,"Pinckney Community Public Library","
Aug 17; Sept 21; Oct 19; Nov 16<br><ul><li>Sat 10-2
</li></ul>
"
42.45859375529574,-85.5996405797863,"Ransom Library","
Ongoing<br><ul><li>Library hours
</li><li>Most $1-$2% hardcover; hardcovers $1</li></ul>
"
42.39479341379932,-83.43827783997081,"Plymouth District Library","
Ongoing<br><ul><li>Library hours
</li><li>Paperbacks .50; hardcovers $1</li></ul>
"
42.347202886339716,-83.45614941689365,"<img src='./Book Sales in Michigan_files/null.gif' height='1' width='260'>","
<img src='./Book Sales in Michigan_files/null.gif' height='1' width='680'><br>
Oct<br><ul>
	<li><span style='font-size:22px'><strong>The Inaugural</strong>&nbsp;<strong><span style='color:#FF0000'>Plymouth-Canton Bookfest!</span></strong></span></li>
	<li><span style='font-size:16px'><strong>Sunday, October 2, 2022</strong></span>
	<ul>
		<li><span style='font-size:16px'><strong>10am to 4pm </strong></span></li>
	</ul>
	</li>
	<li><span style='font-size:18px'><strong>FREE entry! </strong></span></li>
	<li>Festival takes&nbsp;place at PARC - the Plymouth Arts &amp; Recreation Complex</li>
	<li>The book festival will feature over 100 vendors from all over the USA &amp; Canada, selling<span style='font-size:14px'>:</span></li>
	<li><strong><span style='font-size:14px'>BOOKS</span></strong>
	<ul>
		<li><strong>Used</strong></li>
		<li><strong>Rare</strong></li>
		<li><strong>Antiquarian</strong></li>
		<li><strong>Unusual</strong></li>
		<li><strong>Ephemera</strong></li>
		<li><strong>Authors - and more</strong></li>
	</ul>
	</li>
	<li><strong>ALSO</strong>:
	<ul>
		<li><strong>Vinyl records</strong></li>
		<li><strong>Comic books</strong></li>
		<li><strong>Creative arts</strong></li>
		<li><strong>Vintage board games -&nbsp; and more!</strong></li>
	</ul>
	</li>
	<li>Questions? <a href='mailto:hello@plymbook.com'>hello@plymbook.com</a></li>
	<li><a href='https://plymbook.com/' target='_blank'>Plymouth Bookfest Home Page</a></li>
	<li><a href='https://www.facebook.com/events/393438798892086/' target='_blank'>Facebook event page</a></li>
	<li><span style='font-size:14px'><strong><a href='https://plymbook.com/event-details/' target='_blank'>CLICK HERE</a>&nbsp;for all the event details</strong></span></li>
	<li><span style='color:#FF0000'><strong>Come enjoy this&nbsp;glorious day of BOOKS, vinyl records, comics, creative arts, and more! What's not to love?!</strong></span></li>
</ul><li>Watch here for details on the next Plymouth-Canton Bookfest
</li>"
42.632328416600714,-83.28255439690913,"Gym Door on Exchange Street at side of church","
Ongoing<br><ul><li>Every Sat 10-2
</li><li>6,000+ books; 100% donated; 50% hardcover; <b>not 'picked over'</b>; <b>no buyer restrictions</b>; .25-$2</li><li>Credit cards accepted</li></ul>
"
42.99953162941005,-82.41112035803492,"St. Clair County Library","
Ongoing<br><ul><li>Library hours
</li><li>500 books; 100% donated; 50% hardcover; sorted; paperbacks .50; hardcovers $1</li></ul>
"
42.205392614774006,-85.56406877451204,"Portage District Library","
Ongoing<br><ul><li>Library hours
</li><li>$1 each</li></ul>
"
41.95083876589525,-84.91993800896743,"Quincy Public Library","
Ongoing<br><ul><li>800 books; 50% donated; 45% hardcover; .10-.25</li></ul>
"
42.35315774940553,-83.26299569940875,"Redford Township Public Library","
Ongoing<br><ul><li>Every Sat noon-4 (closed when holiday closes library)
</li><li>10,000 books; 100% donated; 50% hardcover; sorted; <b>not 'picked over'</b>; <b>no buyer restrictions</b>; .10-$2</li><li>Credit cards accepted</li></ul>
"
42.81664855905661,-82.78884164707384,"Lois Wagner Memorial Library","
Oct<br><ul><li>Thu, Fri 9-5, Sat 10-2
</li><li>Preview: Wed 5-7pm, $5 fee all welcome
</li><li>6,000 books; 95% donated; 75% hardcover; sorted; <b>not 'picked over'</b>; <b>no buyer restrictions</b>; also A/V, puzzles, games; .25-$5</li></ul>
"
42.66821182082903,-83.13636907898446,"Rochester Hills Public Library","
July 18 - 20<br><ul><li>Thu 10-8, Fri, Sat 10-4:30, Mon 10-1 (closed Sun)
</li><li>Preview: Wed 5:30-8pm, Friends; join at door
</li><li>35,000+ books; 70% donated; 60% hardcover; sorted; .50 &amp; up; Mon $5/bag</li><li>Some books removed to sell online and ongoing sale</li><li>All major credit cards accepted</li></ul><br><hr>
Oct 17 - 20<br><ul><li>Thu 10-8, Fri, Sat 10-5, Sun 1:30-4:30
</li><li>Preview: Wed 5:30-8pm, Friends; join at door
</li><li>35,000+ books; 70% donated; 60% hardcover; sorted; <b>no buyer restrictions</b>; .50 &amp; up</li><li>Some books removed to sell online and in ongoing sale</li><li>All major credit cards accepted</li></ul><br><hr>
Ongoing<br><ul><li>Library lobby</li></ul>
"
42.794409234084505,-82.9858544258802,"at Community Center","
Aug 29 - Sept 1<br><ul>
	<li><span style='font-size:14px'><span style='color:#FF0000'><strong>Romeo Area AAUW</strong> presents the <strong>50</strong><sup>th</sup>&nbsp;<strong>Annual Book Sale!</strong></span></span></li>
	<li><span style='font-size:16px'><strong><span style='color:rgb(255, 0, 0)'>Featuring 30,000 BOOKS!!!</span></strong></span>
	<ul>
		<li>Sorted into categories for easy shopping</li>
	</ul>
	</li>
	<li><span style='font-size:14px'><strong>HUGE selection of children's books&nbsp;and science fiction</strong></span>
	<ul>
		<li><strong>Music cd's &amp; movie dvd's </strong></li>
		<li><strong>Comics</strong></li>
		<li><strong>Puzzles</strong></li>
		<li><strong>Games</strong></li>
	</ul>
	</li>
	<li><span style='color:#FF0000'><strong>August 29</strong><sup>th</sup><strong>&nbsp;thru September 1</strong><sup>st</sup></span>
	<ul>
		<li><span style='color:#FF0000'><strong>Thursday 4 pm to 7 pm</strong></span>
		<ul>
			<li><span style='color:#FF0000'><strong>Admission Thursday only: $2 donation to the Scholarship Fund</strong></span></li>
		</ul>
		</li>
		<li><span style='color:#FF0000'><strong>Friday, 10 am to 5&nbsp;pm</strong></span></li>
		<li><span style='color:#FF0000'><strong>Saturday, 10 am to 5 pm</strong></span></li>
		<li><span style='color:#FF0000'><strong>Sunday, 10 to 4&nbsp;pm</strong></span></li>
		<li>NO&nbsp;sale Monday</li>
	</ul>
	</li>
	<li><strong>Great prices</strong> range from 50 cents to $2.00 Some individually priced.
	<ul>
		<li><strong>Saturday specials throughout the day</strong></li>
		<li><strong>Buy 2 and get one free on CD's, DVD's, Children's Hardcover books and more.</strong></li>
		<li><strong>And come back Sunday for a boxful for $7.50</strong></li>
	</ul>
	</li>
	<li>Books have not been picked over and there are no buyer restrictions.&nbsp;</li>
	<li>Charities, organizations, and other parties interested in books: Contact Debbie Byks at&nbsp;810-796-2153</li>
</ul>
"
42.78240468509688,-83.00887576411867,"Romeo District Library","
Ongoing<br><ul><li>Library hours
</li><li>4,000 books; 80% donated; 60% hardcover; sorted; .25-$3 (half off on Sat)</li><li>See also Graubner Branch</li></ul>
"
42.49511296310236,-82.89255774001737,"Roseville Public Library","
<img src='./Book Sales in Michigan_files/null.gif' height='1' width='680'><br>
Oct<br><ul><li>Thu noon-7:30, Fri 10-4, Sat 10-3
</li><li>5,000 books; 75% donated; 50% hardcover; sorted; <b>not 'picked over'</b>; Sat $5/bag</li></ul>
"
42.49971357464267,-83.11277619502731,"Royal Oak Public Library","
Bookstore<br><ul><li>Mon, Wed, Thu 10-8, Sat 10-3
</li><li>2,000 books</li><li>Barcode scanners not allowed</li></ul>
"
43.45584015314404,-83.93943413721448,"Friends of Butman-Fish Library","
Nov<br><br>Watch this spot for details on the next big sale!<br><hr>
Ongoing<br><ul><li>Library hours
</li><li>100% donated; sorted; <b>not 'picked over'</b>; <b>no buyer restrictions</b>; paperbacks $1; hardcovers $2; puzzles $1</li><li>Large quantity of recent books. Excellent condition. Daily inventory additions.</li></ul>
"
43.39287999230733,-83.9133494172866,"Zauel Memorial Library","
Oct 16 - 19<br><ul>
	<li><span style='font-size:16px'><span style='color:#B22222'><strong>FALL BOOK SALE by Friends of&nbsp; Zauel Library</strong></span></span></li>
	<li><span style='font-size:18px'><span style='color:#B22222'><strong>25,000 BOOKS and MEDIA!!</strong></span></span></li>
	<li><strong>Friends Only Presale</strong>:
	<ul>
		<li><strong>Wednesday</strong>&nbsp;October 16<sup>th</sup><strong>, 5 p.m. to 8 p.m.</strong></li>
		<li>(Memberships available at the door)</li>
	</ul>
	</li>
	<li><strong>General Attendance</strong>
	<ul>
		<li><strong>Thursday </strong>October 17<sup>th</sup><strong>&nbsp;9 a.m. to 7 p.m.</strong></li>
		<li><strong>Friday </strong>October 18<sup>th</sup><strong>, 9 a.m. to 4 p.m.</strong>
		<ul>
			<li>Half Price Books&nbsp;Friday</li>
		</ul>
		</li>
		<li><strong>Saturday </strong>September 19<sup>th</sup><strong>, 9 a.m. to 1 p.m.</strong>
		<ul>
			<li>BAG SALE: Fill a plastic bag for $3.00 (plastic bags provided)</li>
		</ul>
		</li>
	</ul>
	</li>
	<li><strong>Less than 5% library discards; no buyer restrictions. Nothing is kept for future sales.</strong></li>
	<li><strong>Scanners are allowed</strong></li>
	<li>All proceeds benefit Zauel Library</li>
	<li><strong>GREAT BOOKS - GREAT BARGAINS - Don't miss this sale!</strong></li>
	<li>In the Meeting Room at Zauel Library</li>
</ul><br><hr>
Ongoing<br><ul><li>Normal library hours
</li><li>'Several hundred recent copyright' books; 100% donated; paperbacks $1; hardcovers $2</li><li>Excellent condition. Inventory additions daily</li></ul>
"
43.457444897137954,-83.908433733864,"Thomas Township Library","
Sept<br><ul><li>Sat 10-4, Mon, Tue 10-7
</li><li>4,500 books; 65% donated; 70% hardcover; sorted; .25-$2</li><li>Cash or check only</li></ul>
"
42.134356347132425,-86.47867695098303,"Maud Preston Palenske Memorial Library","
Ongoing<br>
"
42.19038648627468,-83.82788306547886,"Saline District Library","
Bookstore<br><ul><li>Every Satuday that library is open,10-4; weekday hours vary.
</li><li>6,000 books; 99% donated; 50% hardcover; sorted; .25-$1</li><li>New donations added weekly<br>Not picked over; no restrictions</li></ul>
"
42.36004705464347,-86.29368933820228,"<img src='./Book Sales in Michigan_files/doedit.gif' border='0' align='middle'>","
Aug 9 - 10<br><ul><li>Fri 9-4. Sat 9-2
</li><li>Preview: Fri 8-9, $ 15 fee
</li><li>Sat $5/bag</li></ul>
"
42.40565618841761,-83.66185470915187,"Lyon Township Public Library","
Nov<br><ul><li>Thu 10-8:30, Fri, Sat, 10-4:30, Sun noon-3:30
</li><li>6,000 books; 75% donated; 40% hardcover; sorted; <b>not 'picked over'</b>; <b>no buyer restrictions</b>; $1-$2</li></ul>
"
42.45289151233037,-83.2359059236552,"Southfield Public Library","
July 10 - 13; Aug 14 - 17; Sept 4 - 7; Oct 2 - 5; Nov 6 - 9; Dec 4 - 7<br><ul><li>Wed 1-7:30, Thu 11-4:30, Fri 1-4, Sat 1-4
</li><li>4,000+ books; <b>not 'picked over'</b>; <b>no buyer restrictions</b>; most $1-$4</li></ul>
"
42.22232159419638,-84.57230358280901,"<img src='./Book Sales in Michigan_files/null.gif' height='1' width='260'>","
<img src='./Book Sales in Michigan_files/null.gif' height='1' width='680'><br>
Aug 1 - 3<br><ul><li>Thu 9-7, Fri 9-4, Sat 9-11
</li><li>2,000 books; 100% donated; 60% hardcover; sorted; <b>no buyer restrictions</b>; Fri: Most items buy 1 get 1 free; Sat all items inside free</li><li>Church members who sort can buy books early.</li></ul>
"
42.86786055890512,-82.48813257368393,"St. Clair Public Library","
Ongoing<br><ul><li>Library hours
</li><li>700 books; 100% donated; 60% hardcover; sorted; <b>not 'picked over'</b>; <b>no buyer restrictions</b>; $3/bag</li><li>Inventory refreshed on Tue</li></ul>
"
42.489198321206,-82.93463894145161,"<img src='./Book Sales in Michigan_files/sendemail.gif' border='0' align='middle'>","
Bookstore<br><ul><li>Library hours
</li><li>Paperbacks .25; children's .25-$1; 'Last Chance' hard &amp; soft covers $.50; current mags .25; other categories $1-$5</li><li>Located in Reading Lounge</li></ul>
"
43.28849574122745,-85.04212192907023,"White Pine Library","
Ongoing<br><ul><li>Library hours
</li></ul>
"
42.546356789512174,-83.02093397483368,"Sterling Heights Public Library","
Bookstore<br><ul><li>Mon, Tue, Thu 10-7, Wed 10-4, Sat 1-4
</li><li>100% donated; 60% hardcover; sorted; .50-$3; clearance books $3/bag</li></ul>
"
42.042695623551914,-86.48332757460688,"Lincoln Township Public Library","
Bookstore<br>
"
41.837453176471314,-85.39672715570157,"Sturgis Public Library","
Ongoing<br>
"
42.26910024198596,-83.23817192718835,"Taylor Community Library","
Ongoing<br><ul><li>Library hours
</li><li>Wall is stocked. No monthly sales for the time being.</li></ul>
"
41.980237027391404,-83.99491389351009,"Tecumseh District Library","
July 6; Aug 3; Sept 7; Nov 2; Dec 7<br><ul><li>Sat 10-2
</li><li>4,000 books; 100% donated; 40% hardcover; sorted; <b>not 'picked over'</b>; <b>no buyer restrictions</b>; paperbacks .50; hardcovers most $1; children's .25; Most hardcovers $1</li></ul><br><hr>
Oct 12<br><ul><li>Sat 10-4
</li><li>4,000 books; 100% donated; 40% hardcover; sorted; <b>not 'picked over'</b>; <b>no buyer restrictions</b>; paperbacks .50; children's .25; Most hardcovers $1</li><li>AppleUmpkin Festival</li></ul>
"
41.75501168426249,-83.61283798041993,"Bedford Branch Library","
Ongoing<br><ul><li>Library hours
</li><li>Thousands of books; 99% donated; 75% hardcover; sorted; <b>not 'picked over'</b>; <b>no buyer restrictions</b>; .25-$2</li><li>CASH ONLY</li></ul>
"
44.800482976874484,-85.65115912914293,"Traverse Area District Library","
<img src='./Book Sales in Michigan_files/null.gif' height='1' width='680'><br>
Sept<br><ul><li>Fri, Sat 9-6, Sun noon-5
</li><li><b>no buyer restrictions</b>; Adult $2, Children's $1, DVDs $2 or 5/$5; CDs $1 or 10/$5</li></ul><br><hr>
Ongoing<br><ul><li>Library hours
</li><li>.50-$1</li></ul>
"
42.15916005117772,-83.15629095553629,"Trenton Veterans Memorial Library","
Ongoing<br><ul><li>Library hours
</li><li>Paperbacks .50; trade pb $1; children's .25</li><li>Items refreshed at least twice a week</li></ul>
"
42.59275618513222,-83.11000263102365,"Troy Public Library","
Bookstore<br><ul><li>Sat 10-1, Sun 1-4 (closed when library is closed)
</li><li>50,000 books; 80% donated; sorted; Hardcover, Paperback, Collectors Corner (1st editions, etc.), Magazines, Sheet music, DVD/VHS, CDs/Records, Talking books, Software, Craft &amp; Sewing Patterns, Games &amp; Puzzles.; Most .50-$1</li><li>Restocked after each sale day</li></ul>
"
42.49596884674005,-82.99610651276201,"Friends of Warren Public Library Book Store","
Bookstore<br><ul><li>Every Fri 9-noon, and the 3rd Sat of every month, 9-noon. Closed month of December and holidays.
</li><li>12,000 books; 60% donated; 60% hardcover; sorted; .10-$2</li><li>Not picked over; no restrictions</li></ul>
"
38.58856788926589,-91.01717057243904,"Romeo District Library","
Ongoing<br><ul><li>Library hours
</li><li>4,000 books; 80% donated; 60% hardcover; sorted; .25-$3 (half off on Sat)</li><li>See also Kezar branch</li></ul>
"
42.742826813691536,-83.4318179695362,"Waterford Twp Public Library","
Aug 3 - 4; Oct 5 - 6; Nov 30 - Dec 1<br><ul><li>Sat 10-4:30, Sun 1-4
</li><li>5,000 books; 100% donated; 50% hardcover; sorted; <b>not 'picked over'</b>; <b>no buyer restrictions</b>; paperbacks .75; hardcovers $1.25; media $3; Sun: $5/bag</li></ul>
"
42.69165547106187,-85.64010071083716,"Henika District Library","
Ongoing<br><ul><li>Library hours
</li></ul>
"
42.2559132284744,-83.3529403788901,"Wayne Public Library","
Ongoing<br><ul><li>Tue-Thu 10-8, Fri, Sat noon-5
</li><li>Hundreds of books; 80% donated; 50% hardcover; sorted; <b>no buyer restrictions</b>; plus CDs, DVDs; paperbacks .50; hardcovers $1; children's .25</li></ul>
"
42.61640538344024,-83.35901925310462,"West Bloomfield Main Library","
Oct 26 - 27<br><ul><li>Sat 9-5, Sun noon-3
</li><li>Preview: Fri 7-9pm, Friends; join at door
</li><li>10,000+ books; 75% donated; 50% hardcover; sorted; <b>not 'picked over'</b>; <b>no buyer restrictions</b>; .50-$5;  Sun $5/bag</li><li>Credit cards accepted</li></ul><br><hr>
Bookstore<br><ul><li>Mon-Fri 11-5
</li></ul>
"
44.250646889036226,-84.23435377043113,"West Branch Public Library","
Bookstore<br><ul><li>Tue-Thu 10-4, Fri, Sat 10-1
</li></ul>
"
42.31900258356134,-83.40927016993732,"Public Library of Westland","
<img src='./Book Sales in Michigan_files/null.gif' height='1' width='680'><br>
Sept 6 - 8; Nov 15 - 17<br><ul><li>Fri, Sat 10-4, Sun noon-3
</li><li>Preview: Thu 3-6pm, Friends; join at door
</li><li>5,000 books; 80% donated; <b>no buyer restrictions</b>; semi sorted; Sun: bag sale</li><li>Some items removed to sell online</li><li>Credit cards accepted minimum $5 purchase</li></ul><br><hr>
Bookstore<br><ul><li>Library hours
</li></ul>
"
42.308337269432485,-84.35814301583015,"White Lake Township Library","
Sept 12 - 14; Dec 5 - 7<br><ul><li>Thu 10-7, Fri, Sat 10-4
</li><li>Preview: Wed 5-7, Friends, join at door
</li><li>10,000 books; 75% donated; 50% hardcover; sorted; <b>no buyer restrictions</b>; .50-$1</li><li>Credit cards accepted</li><li>A small number of books have been removed prior to sale</li></ul><br><hr>
Ongoing<br><ul><li>Library hours
</li></ul>
"
43.397140640589825,-86.30400881794135,"White Lake Community Library","
Aug 10; Nov 9<br><ul><li>Sat 10-2
</li><li>3,500 books; 65% donated; 40% hardcover; sorted; $1-$2 or $5/bag</li><li>Some books removed for ongoing sale</li><li>Credit cards accepted</li></ul>
"
42.55987507448966,-83.49735140147352,"Wixom Public Library","
Oct<br><br>Watch this spot for the next great sale!
"
42.19204559007124,-83.1272631035272,"Bacon Library","
Ongoing<br><ul><li>Mon-Thu 10-9, Fri, Sat 10-5
</li><li>Paperbacks .25; hardcovers $1; children's .25-.50</li></ul>
"
42.256718458552825,-83.64803194480625,"Ypsilanti District Library","
Bookstore<br><ul><li>Mon 4-8, Tue 6-8, Wed, Thu 10-2, Fri 10-noon, Sat 11-5
</li></ul>
"
